{
  "project_info": {
    "project_number": "964121903738",
    "firebase_url": "https://test-b4400.firebaseio.com",
    "project_id": "test-b4400",
    "storage_bucket": "test-b4400.appspot.com"
  },
  "client": [
    {
      "client_info": {
        "mobilesdk_app_id": "1:964121903738:android:69cf00ee72bd4ed9",
        "android_client_info": {
          "package_name": "com.example.hp.deliver"
        }
      },
      "oauth_client": [
        {
          "client_id": "964121903738-7o8ui2pg05ljg62qkm3rn9v15kdjk3d4.apps.googleusercontent.com",
          "client_type": 1,
          "android_info": {
            "package_name": "com.example.hp.deliver",
            "certificate_hash": "d3b2f7de6d392a68f1d38791a2a50bb53566863a"
          }
        },
        {
          "client_id": "964121903738-790mevd9usags386i2njdkab8iofbhkk.apps.googleusercontent.com",
          "client_type": 3
        }
      ],
      "api_key": [
        {
          "current_key": "AIzaSyCCntxYzlVtEkeuSh-QePS5BLo1LT5HpWc"
        }
      ],
      "services": {
        "analytics_service": {
          "status": 1
        },
        "appinvite_service": {
          "status": 2,
          "other_platform_oauth_client": [
            {
              "client_id": "964121903738-790mevd9usags386i2njdkab8iofbhkk.apps.googleusercontent.com",
              "client_type": 3
            }
          ]
        },
        "ads_service": {
          "status": 2
        }
      }
    }
  ],
  "configuration_version": "1"
}